Views,Post Link
N/A,https://www.tiktok.com/@daihanabalieiro/video/7465863068715715846
33K,https://www.tiktok.com/@gracemadsfitz/video/7465873750362262814
9047,https://www.tiktok.com/@dianaaa.fs/video/7465882577933536534
424,https://www.tiktok.com/@liivgregory/video/7465959425187089671
4658,https://www.tiktok.com/@lentilmum/video/7466184794158779666
986,https://www.tiktok.com/@minifashionfairy/video/7466047854985907489
319,https://www.tiktok.com/@josephjamesmccormick/video/7465889861694852398
1307,https://www.tiktok.com/@basicwhitewashedasian/video/7466226698229468462
N/A,https://www.tiktok.com/@philippa.dk/video/7466232998157913351
27.3K,https://www.tiktok.com/@aylasday/video/7466019766877310226
12K,https://www.tiktok.com/@a.ngelaaa222/video/7465948124427586834
3974,https://www.tiktok.com/@_elllbelllll_/video/7465971725142936850
10.7K,https://www.tiktok.com/@luisummerrr/video/7465933857737411858
44.6K,https://www.tiktok.com/@ohmyelv/video/7466449191078841606
408,https://www.tiktok.com/@els.gracee/video/7466524324153838881
919,https://www.tiktok.com/@angelinaaa.porter14/video/7466547770548079914
401,https://www.tiktok.com/@angelinaaa.porter14/video/7466516614582816046
2041,https://www.tiktok.com/@mmtg_a/video/7466489962716876054
1647,https://www.tiktok.com/@imogenjb77/video/7466347201015467271
6737,https://www.tiktok.com/@barbarastreisandova/video/7466365631487560982
665,https://www.tiktok.com/@yassok07/video/7466527034123439366
8438,https://www.tiktok.com/@karolineloekke/video/7466474877294218498
2016,https://www.tiktok.com/@lexibooker30/video/7466399459354643745
1523,https://www.tiktok.com/@avegemp/video/7466564794603031854
1199,https://www.tiktok.com/@squee.ee/video/7466557207606217990
1312,https://www.tiktok.com/@squee.ee/video/7466552728739646725
29.7K,https://www.tiktok.com/@silly_lettuce/video/7466434164624035104
3026,https://www.tiktok.com/@ny.uhhh/video/7466480536035347743
N/A,https://www.tiktok.com/@baileydawnra/video/7466242938146688262
1360,https://www.tiktok.com/@poppyy.barrett/video/7466485171181718817
761,https://www.tiktok.com/@sophiamilann/video/7466500384714935583
48.7K,https://www.tiktok.com/@evelina.walker/video/7466444520326958369
717,https://www.tiktok.com/@sophieipwt/video/7466498470774328608
1409,https://www.tiktok.com/@lalasworld.5/video/7466329988476800299
15.5K,https://www.tiktok.com/@miarosemcgrath/video/7466444505227595040
22.6K,https://www.tiktok.com/@hannaloewke/video/7466604297246067998
1785,https://www.tiktok.com/@carolinafirkowski/video/7466535674229869829
1613,https://www.tiktok.com/@brookeavery333/video/7466536110907460910
289,https://www.tiktok.com/@evalynne.inspo/video/7466395860935494945
8623,https://www.tiktok.com/@annika.cezzar/video/7466238275691253035
17.4K,https://www.tiktok.com/@tillystanleyy/video/7466718970079366418
18.6K,https://www.tiktok.com/@kenhitch/video/7466605353224899883
16.6K,https://www.tiktok.com/@soggyrice3/video/7466875697848388896
N/A,https://www.tiktok.com/@whoam_i264/video/7466895673472945440
N/A,https://www.tiktok.com/@glotti_04/video/7466910431785782550
1400,https://www.tiktok.com/@liva.skutane/video/7466853692801617174
3880,https://www.tiktok.com/@glotti_04/video/7466936222158458134
2232,https://www.tiktok.com/@isavramirez/video/7466613947488046366
N/A,https://www.tiktok.com/@theagill.x/video/7466852331741662496
80.2K,https://www.tiktok.com/@mia_dsn/video/7466788607399939350
661,https://www.tiktok.com/@julieanne_amick/video/7466887502889045294
59.1K,https://www.tiktok.com/@allegrasgrwm/video/7466842081948896542
8317,https://www.tiktok.com/@amyshamzyballs/video/7466922205251767560
N/A,https://www.tiktok.com/@kessieneetix/video/7466614455443492098
1948,https://www.tiktok.com/@lexibooker30/video/7466755262573989152
1173,https://www.tiktok.com/@brooke03pearson/video/7466761429400538400
85K,https://www.tiktok.com/@helene.kr/video/7466885310920559894
574.7K,https://www.tiktok.com/@alenamlr/video/7466774674953751830
746,https://www.tiktok.com/@rubyaeron/video/7466832617397030177
32.7K,https://www.tiktok.com/@dianadehipos2/video/7466862532020423958
N/A,https://www.tiktok.com/@mia_dsn/video/7466787459376942358
N/A,https://www.tiktok.com/@outfitzforyou__/video/7466891201380142367
N/A,https://www.tiktok.com/@cr0vss/video/7466838844537621782
1220,https://www.tiktok.com/@poppyy.barrett/video/7466831933872393504
7680,https://www.tiktok.com/@toriwaterss_/video/7466865613391170862
2079,https://www.tiktok.com/@laylaanoble/video/7466828575304420640
3254,https://www.tiktok.com/@avaacharlottee/video/7466711316615515399
3890,https://www.tiktok.com/@shariyahn/video/7466772465457302792
2366,https://www.tiktok.com/@lina_nather/video/7466882243366112534
5603,https://www.tiktok.com/@chloeecasaayyy/video/7466859975424380190
8494,https://www.tiktok.com/@lillaroseconlon/video/7466853484726357280
134.8K,https://www.tiktok.com/@galicia_gordon/video/7467008535277161733
16.3K,https://www.tiktok.com/@_be_feminine_with_stef_/video/7467282410246343941
N/A,https://www.tiktok.com/@cecnorma/video/7467319176382647594
906,https://www.tiktok.com/@irenefernez/video/7467189736185089302
1175,https://www.tiktok.com/@audweeeeee/video/7467247528313081134
1054,https://www.tiktok.com/@florab__/video/7467193969680583969
N/A,https://www.tiktok.com/@miiabloom/video/7467259815153192225
N/A,https://www.tiktok.com/@cubvinyl/video/7467210272344771873
856,https://www.tiktok.com/@islaolivia56/video/7467322817122503968
N/A,https://www.tiktok.com/@clairoenthu/video/7467245025479462190
389,https://www.tiktok.com/@naiaratorres_/video/7467274274567507222
68.1K,https://www.tiktok.com/@sophc149/video/7467344846404078856
659,https://www.tiktok.com/@ggmoney589/video/7467323744999034154
N/A,https://www.tiktok.com/@insp0_4.you_8/video/7467253030337924385
N/A,https://www.tiktok.com/@inspo.account001/video/7467323016301514016
3318,https://www.tiktok.com/@izzyscollier/video/7467249066985000234
4522,https://www.tiktok.com/@caetanasachavess/video/7467173261005049110
N/A,https://www.tiktok.com/@jerlong2/video/7467149795803630870
12.6K,https://www.tiktok.com/@alenamlr/video/7467257417231863062
2772,https://www.tiktok.com/@lily_rose_king/video/7467255950508821792
15.5K,https://www.tiktok.com/@helene.kr/video/7467195914713599254
N/A,https://www.tiktok.com/@by.tanarose/video/7467306648709713174
N/A,https://www.tiktok.com/@mayaelenius/video/7467126554854706454
2837,https://www.tiktok.com/@a.meliawilson/video/7467263376708734241
8986,https://www.tiktok.com/@neydi_r2/video/7467043489251888430
134.8K,https://www.tiktok.com/@galicia_gordon/video/7467008535277161733
N/A,https://www.tiktok.com/@miiabloom/video/7467259815153192225
66.6K,https://www.tiktok.com/@chloelovescereal/video/7467488053486030098
7199,https://www.tiktok.com/@_kerryrose/video/7467628891272858926
20K,https://www.tiktok.com/@kath11een/video/7467673359787035950
5045,https://www.tiktok.com/@marjmarjmarjmarjmarj/video/7467663712619466016
3975,https://www.tiktok.com/@diarysonia/video/7467590888856767766
3198,https://www.tiktok.com/@outfittwoday/video/7467604541014330646
573,https://www.tiktok.com/@jadecawthraw2000/video/7467550768933915937
27.3K,https://www.tiktok.com/@alenamlr/video/7467610324565249302
2755,https://www.tiktok.com/@evamolecule/video/7467589159033621793
18.7K,https://www.tiktok.com/@alenamlr/video/7467605214334438678
1535,https://www.tiktok.com/@avegemp/video/7467581458421419310
9346,https://www.tiktok.com/@evamolecule/video/7467629115118538017
3961,https://www.tiktok.com/@blondegirl0002/video/7467348556425317663
806,https://www.tiktok.com/@mjmaryjess/video/7467489349018340640
1012,https://www.tiktok.com/@zaraj3hy/video/7467453846982315271
5430,https://www.tiktok.com/@mikaelalouisee/video/7467642508466605344
1735,https://www.tiktok.com/@sophiebbeth/video/7467360824974265632
3647,https://www.tiktok.com/@suaakimm/video/7467637016751082795
1368,https://www.tiktok.com/@poppyy.barrett/video/7467625455550516512
3030,https://www.tiktok.com/@mayaelenius/video/7467574816304958742
2312,https://www.tiktok.com/@holly_winsor/video/7467555567398178081
9825,https://www.tiktok.com/@bella_grilli_/video/7467624262661115168
N/A,https://www.tiktok.com/@avaviegelahn_/video/7467649114713427230
N/A,https://www.tiktok.com/@cressiew/video/7467549538052574497
4936,https://www.tiktok.com/@__berryberry/video/7467664234017574166
108.6K,https://www.tiktok.com/@curlygirl_45/video/7467622940973042975
4378,https://www.tiktok.com/@blondegirl0002/video/7467348651862494495
23.8K,https://www.tiktok.com/@laurenwriightt/video/7467664388866968865
45.9K,https://www.tiktok.com/@alenamlr/video/7467679905791118614
4965,https://www.tiktok.com/@norabrkic/video/7467348565153598728
425,https://www.tiktok.com/@lauren.trivison/video/7467656895914839339
N/A,https://www.tiktok.com/@blondegirl0002/video/7467381996084301098
N/A,https://www.tiktok.com/@blondegirl0002/video/7467348418214579487
79.6K,https://www.tiktok.com/@helene.kr/video/7467628580856401174
859,https://www.tiktok.com/@pablovidalsantoss/video/7467553228188667158
5563,https://www.tiktok.com/@emilygwhiteford/video/7467684163777301791
N/A,https://www.tiktok.com/@risprivstory/video/7467679017982856490
1330,https://www.tiktok.com/@dwniielac_/video/7467635821105941782
3263,https://www.tiktok.com/@avaviegelahn_/video/7467652608069487903
2281,https://www.tiktok.com/@glotti_04/video/7467643667487018262
19.9K,https://www.tiktok.com/@povaimee/video/7467653401552096544
382,https://www.tiktok.com/@aylin.ykt/video/7468036087609412895
5237,https://www.tiktok.com/@philippa.dk/video/7468033636546252040
1072,https://www.tiktok.com/@poppyy.barrett/video/7467994441790393633
905,https://www.tiktok.com/@janet.cidm/video/7467926287395425558
4814,https://www.tiktok.com/@amelie_dil/video/7467951324626242838
6705,https://www.tiktok.com/@rosiegracefits/video/7467996719196769569
15.9K,https://www.tiktok.com/@hannaloewke/video/7467987759307853102
3130,https://www.tiktok.com/@lizeexo/video/7468034831125908778
948,https://www.tiktok.com/@jesmepa/video/7467752834147159302
666,https://www.tiktok.com/@belllebarton/video/7467997622372977953
880,https://www.tiktok.com/@mikaelalouisee/video/7467964927936826657
N/A,https://www.tiktok.com/@elicaveness/video/7467730725924588831
865,https://www.tiktok.com/@flowerdragon_/video/7467851862721547552
1614,https://www.tiktok.com/@maddisonhoyt/video/7468013801179319558
721,https://www.tiktok.com/@graceyisgoingcrazy/video/7468072085278002437
648,https://www.tiktok.com/@sophieipwt/video/7468034395249708321
13.5K,https://www.tiktok.com/@helene.kr/video/7468009160127548674
185.3K,https://www.tiktok.com/@freyaamarax/video/7467997317954686241
987,https://www.tiktok.com/@issierose/video/7468043957486800160
6685,https://www.tiktok.com/@estaslife/video/7467994594626620702
2217,https://www.tiktok.com/@aimee.millar23/video/7467906396332330272
42.6K,https://www.tiktok.com/@skyskysoflyy/video/7468039053657623854
925,https://www.tiktok.com/@emmaaa03.hii/video/7467979521417809174
3892,https://www.tiktok.com/@carmenhyden/video/7468039881189608737
63.6K,https://www.tiktok.com/@alenamlr/video/7468048815552007446
6867,https://www.tiktok.com/@funfilipinogirl/video/7467781016132783390
N/A,https://www.tiktok.com/@k.loves.to.shop/video/7467723869315452190
1918,https://www.tiktok.com/@kaeleigh_t/video/7468078292969573675
7198,https://www.tiktok.com/@mya.tran/video/7467830258855611656
8761,https://www.tiktok.com/@estherhajjar/video/7467944919005400328
3351,https://www.tiktok.com/@gillydilly/video/7468009716166167850
748,https://www.tiktok.com/@imogenellis8/video/7467896071717457185
2403,https://www.tiktok.com/@evamolecule/video/7467985159715949857
5833,https://www.tiktok.com/@sofiiiakalaa/video/7467742925863210246
84.8K,https://www.tiktok.com/@skyskysoflyy/video/7468039892216597806
N/A,https://www.tiktok.com/@aliceoakleyy/video/7467641978138709281
N/A,https://www.tiktok.com/@aliceoakleyy/video/7467629529406754080
N/A,https://www.tiktok.com/@aliceoakleyy/video/7467604628142624032
N/A,https://www.tiktok.com/@aliceoakleyy/video/7467604163573091616
N/A,https://www.tiktok.com/@aliceoakleyy/video/7467603642338626848
N/A,https://www.tiktok.com/@aliceoakleyy/video/7467603189970308384
N/A,https://www.tiktok.com/@aliceoakleyy/video/7467602587928284448
N/A,https://www.tiktok.com/@aliceoakleyy/video/7467602511982103840
